name,hex,red,green,blue,hue,saturation,lightness
Colour 1,#000000,0,0,0,0,0,0
Colour 2,#ff0000,255,0,0,0,100,50
Colour 3,#000000,0,0,0,0,0,0
Colour 4,#000000,0,0,0,0,0,0
Colour 5,#732b2b,115,43,43,0,45.56962025316456,30.980392156862745
