name,hex,red,green,blue,hue,saturation,lightness
Colour 1,#cd0e0e,205,14,14,0,87.21461187214611,42.94117647058824
Colour 2,#001eff,0,30,255,232.94117647058823,100,50
Colour 3,#54de64,84,222,100,126.95652173913044,67.64705882352942,60
Colour 4,#e1ff00,225,255,0,67.05882352941177,100,50
Colour 5,#860e76,134,14,118,308,81.08108108108108,29.01960784313726
