name,hex,red,green,blue,hue,saturation,lightness
Colour 1,#c23838,194,56,56,0,55.199999999999996,49.01960784313725
Colour 2,#6d65e2,109,101,226,243.84,68.30601092896174,64.11764705882352
Colour 3,#ffea00,255,234,0,55.05882352941176,100,50
Colour 4,#2e142c,46,20,44,304.61538461538464,39.3939393939394,12.941176470588234
Colour 5,#000000,0,0,0,0,0,0
